FileName,Sno,GivenName,SurName,Prefix,Suffix,Occupation,Address
46928_553244-00002.j2k.00001.single.ecmdoc_formatted.txt,1,John Sedgefield,Badcock, , ,One undivided third part of,"54 Minster street, Reading   Bury lane fifteen freehold houses"
46928_553244-00002.j2k.00001.single.ecmdoc_formatted.txt,2,'William ,Bpdeoek, , ,Freehold house,West St Helen street   Otwell laoe
46928_553244-00002.j2k.00001.single.ecmdoc_formatted.txt,3,William ,Belcher, , ,Freehold houses and premises,"Ock street 	   West St Helen's, Hemming and others"
46928_553244-00002.j2k.00001.single.ecmdoc_formatted.txt,4,George ,Bond, , ,Two freehold mesBuages,"Ock street 	  , gar Ock street den, and premises"
46928_553244-00002.j2k.00001.single.ecmdoc_formatted.txt,5,Henry Vineyard,Bowler, , ,Freehold tenements, Abingdon     Otwell lane
46928_553244-00002.j2k.00001.single.ecmdoc_formatted.txt,6,George ,Bowyer, , ,Freehold land,Rndley park 	   Boxhill
46928_553244-00002.j2k.00001.single.ecmdoc_formatted.txt,7,John ,Box, , ,Four freehold houses,"Abingdon 	   King and others, Turnagain lane"
46928_553244-00002.j2k.00001.single.ecmdoc_formatted.txt,8,William West,Brown, , ,reehold tenements,"St Helen street  Five f  West St Helen Mulcock street, and"
46928_553244-00002.j2k.00001.single.ecmdoc_formatted.txt,9,John ,Barry, , ,Four leasehold houses,"1 Railway terrace, Abingdon   Windsmore lane"
46928_553244-00002.j2k.00001.single.ecmdoc_formatted.txt,10 Challer.or,Challer , , , ,Freehold house and land,"Bromley Marcham road, Abingdon   Marcham Abingdon, 9 Barry, John 1 Railway terrace, Abingdon Four leasehold houses Windsmore lane"
46928_553244-00002.j2k.00001.single.ecmdoc_formatted.txt,1 1 Clark, , , , ,Freehold house and premises,"John Sheep market, Abingdon   High self"
46928_553244-00002.j2k.00001.single.ecmdoc_formatted.txt,13,Benjamin ,Collingwood, , ,Freehold house,"East St Helen street, Abingdon   and yard Broad Abingdon, John Thomas street"
46928_553244-00002.j2k.00001.single.ecmdoc_formatted.txt,1 3 Copeland, , , , ,Freehold house,"Ebenczer East St Helen street, Abingdon   Broad Richard Gear Kirkpatrick"
46928_553244-00002.j2k.00001.single.ecmdoc_formatted.txt,14,Thomas ,Copeland, , ,Freehold houses,Erst St Helen street   West St Helen ing
46928_553244-00002.j2k.00001.single.ecmdoc_formatted.txt,15,Edward ,Cowchcr, , ,Freehold house,East St Helen sti et   Bury
46928_553244-00002.j2k.00001.single.ecmdoc_formatted.txt,16,George ,Cox, ,sen,Freehold houses,"George, sen 	 Ock mills, Abingdon   Ock street"
46928_553244-00002.j2k.00001.single.ecmdoc_formatted.txt,17,Gabriel East,Davis, , ,Freehold house and land,"St Helen street   East St Helen Mrs Elizabeth 16 Cox, George, sen 	 Ock mills, Abingdon Freehold houses Ock street"
46928_553244-00002.j2k.00001.single.ecmdoc_formatted.txt,18,Thomas ,Dean, , ,Freehold house,"Spring road, Abingdon   Self"
46928_553244-00002.j2k.00001.single.ecmdoc_formatted.txt,19,William ,Dean, , ,Freehold house,"Stert street, Abingdon   Windsmore lane"
46928_553244-00002.j2k.00001.single.ecmdoc_formatted.txt,20,Joseph ,Dickey, , ,Freehold house,"Abingdon 	   Market AA Parsons 19 Dean, William Stert street, Abingdon   Windsmore lane"
46928_553244-00002.j2k.00001.single.ecmdoc_formatted.txt,21,Nathaniel St,Dodson, , ,Freehold land,"Nathaniel Clerk St Nicholas, Abingdon    	 Vicarage lane"
46928_553244-00002.j2k.00001.single.ecmdoc_formatted.txt,22,Samuel ,Edgor, , ,Freehold meadow land,"Ock streetAbingdon   Ock street, James Badcock Sedgefield"
46928_553244-00002.j2k.00001.single.ecmdoc_formatted.txt,23,Humphrey ,Enoch, , ,and,"Humphrey Ock street, Abingdon  Krecchold houses   garden Ock street, Carter   others"
46928_553244-00002.j2k.00001.single.ecmdoc_formatted.txt,24,Thomas ,Fairbrothcr, , ,Freehold house,"High street   High Lindars 23 Enoch, Humphrey Ock street, Abingdon  Krecchold houses and garden Ock street, Carter and others"
46928_553244-00002.j2k.00001.single.ecmdoc_formatted.txt,25,James ,Faulkner, , ,Freehold houses,"Abingdon 	   Stert street and West St Helen street,"
46928_553244-00002.j2k.00001.single.ecmdoc_formatted.txt,26,Richard , , , , ,Richard
46928_553244-00002.j2k.00001.single.ecmdoc_formatted.txt,27,Robert ,Faulkner, , ,Freehold house,"Ock street 	   and stable Boar street, Mrs W A Harris & another"
46928_553244-00002.j2k.00001.single.ecmdoc_formatted.txt,28,William ,Gardner, , ,Four freehold houses,"Ock street, Abingdon  Ock street 27 Faulkner, Robert  Ock street 	 Freehold house and stable Boar street, Mrs W A Harris & another"
46928_553244-00002.j2k.00001.single.ecmdoc_formatted.txt,29,Richard ,Giles, , ,Freehold houses,Abingdon 	   West St Helen street
46928_553244-00002.j2k.00001.single.ecmdoc_formatted.txt,30,Joseph Godalming,Goodman, , ,Freehold cottages, Surrey     Stert street
46928_553244-00002.j2k.00001.single.ecmdoc_formatted.txt,3!,Thomas Hedges,Graham, , ,Freehold cottages,"Abingdon Freehold land Vineyard Abingdon 30 Goodman, Joseph Godalming, Surrey     Stert street"
46928_553244-00002.j2k.00001.single.ecmdoc_formatted.txt,32,William ,Graham, , ,Freehold land,"Abingdon   Abingdon field, self and"
46928_553244-00002.j2k.00001.single.ecmdoc_formatted.txt,33,Joseph Radley,Greenaway, , ,Freehold house,Stert street
46928_553244-00002.j2k.00001.single.ecmdoc_formatted.txt,34 street, , , , ,reehold houses,"Windsor f   East St Helen street, Webb and Ellis"
46928_553244-00002.j2k.00001.single.ecmdoc_formatted.txt,1, , , , , ,8C!S
46928_553244-00002.j2k.00001.single.ecmdoc_formatted.txt,35,William ,Harris, , ,Freehold houses,"High street 	   West St Helen street, louis Thorough 1,8C!S"
46928_553244-00002.j2k.00001.single.ecmdoc_formatted.txt,36,Thomas Stert,Holford, , ,and,good   Elizabeth Pay ton
46928_553244-00002.j2k.00001.single.ecmdoc_formatted.txt,37,John ,Hyde, ,jun,Freehold house,"John, jun 	 Cnldecot house, near Abingdon   High street"
46928_553244-00002.j2k.00001.single.ecmdoc_formatted.txt,38,William Northmnor,Keen, ,Oxon,Freehold house, Oxon   East St Helen street Ebenezer Copeland
46928_553244-00002.j2k.00001.single.ecmdoc_formatted.txt,1 39,John ,Kent, , ,Freehold house,"Abingdon, Berks     Ock street, W Copeland"
46928_553244-00002.j2k.00001.single.ecmdoc_formatted.txt,40,Edward Mant,Miller, ,John,Freehold house,"1 39 Kent, John 	 Abingdon, Berks     Ock street, W Copeland"
46928_553244-00002.j2k.00001.single.ecmdoc_formatted.txt,41,Benjamin ,Morlnnd, ,Rev,Freehold houses and land,"Benjamin, RevShnbbington, Bucks   Sandford"
46928_553244-00002.j2k.00001.single.ecmdoc_formatted.txt,42,Bftijamin Boar,Mulcock, , ,Freehold houses and land,"41 Morlnnd, Benjamin, RevShnbbington, Bucks   Sandford"
46928_553244-00002.j2k.00001.single.ecmdoc_formatted.txt,43,Joseph ,Norrinliin, , ,Freehold house and garden,Ock street   West St Helen street
46928_553244-00002.j2k.00001.single.ecmdoc_formatted.txt,44   Alfred A   Market place,P nouns,very, , ,Freehold houses,"Abingdon   Vineyard, Cheyney and others"
46928_553244-00002.j2k.00001.single.ecmdoc_formatted.txt,45,Hubert ,Payne, , ,Three freehold houses,Market placeWulliugford   High street
46928_553244-00002.j2k.00001.single.ecmdoc_formatted.txt,46,James Clifton,Puxniaii, , ,Three freehold houses,"Humpdcti, Oxon Share of freehold house and Bridge street 45 Payne, Hubert Market placeWulliugford   High street"
46928_553244-00002.j2k.00001.single.ecmdoc_formatted.txt,47,Perry , , , ,Occupier of house and land,PerryWilliam Sandford   Sandford
46928_553244-00002.j2k.00001.single.ecmdoc_formatted.txt,48,Jnhti ,Petty, , ,Freehold house,"Jnhti Gloucester green, Oxford   High street, J Goldsmith"
46928_553244-00002.j2k.00001.single.ecmdoc_formatted.txt,,( ,Pickfti, , ,Freehold house,
46928_553244-00002.j2k.00001.single.ecmdoc_formatted.txt,50 Porli'i..Tunics Stert street ....  Vineyard,Porli'i , , , ,Freehold bouse,John Brown
46928_553244-00002.j2k.00001.single.ecmdoc_formatted.txt,51,John ,Preston, , ,Freehold house and land, High street Abingdon   North court
46928_553244-00002.j2k.00001.single.ecmdoc_formatted.txt,52 Pit 51 Preston,John ,Pit Preston, , ,Freehold house and land, High street Abingdon   North court
46928_553244-00002.j2k.00001.single.ecmdoc_formatted.txt,53,Thomas ,Hicliitrdson, , ,Freehold house and land,"Ock street, Abingdon Freehold house Stert William Wiltshire !, Iliehnrd  Spring road, Abingdon   Spring road"
