FileName,Sno,GivenName,GivenName_x1y1x2y2,SurName,SurName_x1y1x2y2,Prefix,Suffix,Occupation,Occupation_x1y1x2y2,Address,Address_x1y1x2y2
46928_553244-00002.j2k.00001.single.ecmdoc_formatted.txt,1,John Sedgefield,"980,1020,1208,994",Badcock,, , ,One undivided third part of,"1730,1023,2354,874","54 Minster street, Reading   Bury lane fifteen freehold houses","1265,1025,1297,1001"
46928_553244-00002.j2k.00001.single.ecmdoc_formatted.txt,2,'William ,,Bpdeoek,, , ,Freehold house,"1730,1089,1944,1067",West St Helen street   Otwell laoe,"1267,1091,1338,1066"
46928_553244-00002.j2k.00001.single.ecmdoc_formatted.txt,3,William ,,Belcher,, , ,Freehold houses and premises,"1729,1123,2146,1117","Ock street 	   West St Helen's, Hemming and others","1266,1125,1323,1100"
46928_553244-00002.j2k.00001.single.ecmdoc_formatted.txt,4,George ,,Bond,, , ,Two freehold mesBuages,"1727,1157,2085,1141","Ock street 	  , gar Ock street den, and premises","1266,1158,1324,1131"
46928_553244-00002.j2k.00001.single.ecmdoc_formatted.txt,5,Henry Vineyard,"956,1222,1403,1197",Bowler,, , ,Freehold tenements,"1728,1224,1998,1209", Abingdon     Otwell lane,"1414,1225,1551,1198"
46928_553244-00002.j2k.00001.single.ecmdoc_formatted.txt,6,George ,,Bowyer,, , ,Freehold land,"1728,1257,1924,1234",Rndley park 	   Boxhill,"1265,1257,1364,1221"
46928_553244-00002.j2k.00001.single.ecmdoc_formatted.txt,7,John ,,Box,, , ,Four freehold houses,"1727,1291,2019,1266","Abingdon 	   King and others, Turnagain lane","1263,1292,1401,1267"
46928_553244-00002.j2k.00001.single.ecmdoc_formatted.txt,8,William West,"947,1323,2264,1103",Brown,, , ,reehold tenements,"1802,1325,2059,1312","St Helen street  Five f  West St Helen Mulcock street, and","1346,1325,1377,1299"
46928_553244-00002.j2k.00001.single.ecmdoc_formatted.txt,9,John ,,Barry,, , ,Four leasehold houses,"1728,1391,2035,1366","1 Railway terrace, Abingdon   Windsmore lane","772,1422,802,1396"
46928_553244-00002.j2k.00001.single.ecmdoc_formatted.txt,10 Challer.or,Challer ,, ,, , ,Freehold house and land,"1728,1424,2072,1402","Bromley Marcham road, Abingdon   Marcham Abingdon, 9 Barry, John 1 Railway terrace, Abingdon Four leasehold houses Windsmore lane","992,1422,1113,1387"
46928_553244-00002.j2k.00001.single.ecmdoc_formatted.txt,1 1 Clark, ,, ,, , ,Freehold house and premises,"1727,1457,2128,1451","John Sheep market, Abingdon   High self","920,2522,995,2494"
46928_553244-00002.j2k.00001.single.ecmdoc_formatted.txt,13,Benjamin ,,Collingwood,, , ,Freehold house,"1728,1491,1940,1466","East St Helen street, Abingdon   and yard Broad Abingdon, John Thomas street","1264,1491,1327,1464"
46928_553244-00002.j2k.00001.single.ecmdoc_formatted.txt,1 3 Copeland, ,, ,, , ,Freehold house,"1727,1558,1940,1531","Ebenczer East St Helen street, Abingdon   Broad Richard Gear Kirkpatrick","985,1555,1114,1528"
46928_553244-00002.j2k.00001.single.ecmdoc_formatted.txt,14,Thomas ,,Copeland,, , ,Freehold houses,"1728,1624,1951,1665",Erst St Helen street   West St Helen ing,
46928_553244-00002.j2k.00001.single.ecmdoc_formatted.txt,15,Edward ,,Cowchcr,, , ,Freehold house,"1726,1659,1941,1634",East St Helen sti et   Bury,"1264,1658,1326,1632"
46928_553244-00002.j2k.00001.single.ecmdoc_formatted.txt,16,George ,,Cox,, ,sen,Freehold houses,"1727,1691,1960,1933","George, sen 	 Ock mills, Abingdon   Ock street",
46928_553244-00002.j2k.00001.single.ecmdoc_formatted.txt,17,Gabriel East,"938,1722,1325,1699",Davis,, , ,Freehold house and land,"1726,1725,2069,1700","St Helen street   East St Helen Mrs Elizabeth 16 Cox, George, sen 	 Ock mills, Abingdon Freehold houses Ock street","1263,1826,1330,1801"
46928_553244-00002.j2k.00001.single.ecmdoc_formatted.txt,18,Thomas ,,Dean,, , ,Freehold house,"1725,1826,1937,1765","Spring road, Abingdon   Self","1252,3093,1345,3059"
46928_553244-00002.j2k.00001.single.ecmdoc_formatted.txt,19,William ,,Dean,, , ,Freehold house,"1726,1859,1935,1799","Stert street, Abingdon   Windsmore lane","1259,2490,1325,2463"
46928_553244-00002.j2k.00001.single.ecmdoc_formatted.txt,20,Joseph ,,Dickey,, , ,Freehold house,"1725,1891,1936,1831","Abingdon 	   Market AA Parsons 19 Dean, William Stert street, Abingdon   Windsmore lane","1431,1927,1566,1902"
46928_553244-00002.j2k.00001.single.ecmdoc_formatted.txt,21,Nathaniel St,"962,1888,2315,1303",Dodson,, , ,Freehold land,"1725,1925,1918,1867","Nathaniel Clerk St Nicholas, Abingdon    	 Vicarage lane",
46928_553244-00002.j2k.00001.single.ecmdoc_formatted.txt,22,Samuel ,,Edgor,, , ,Freehold meadow land,"1723,1993,2044,1898","Ock streetAbingdon   Ock street, James Badcock Sedgefield","1261,2125,1318,2099"
46928_553244-00002.j2k.00001.single.ecmdoc_formatted.txt,23,Humphrey ,,Enoch,, , ,and,,"Humphrey Ock street, Abingdon  Krecchold houses   garden Ock street, Carter   others",
46928_553244-00002.j2k.00001.single.ecmdoc_formatted.txt,24,Thomas ,,Fairbrothcr,, , ,Freehold house,"1723,2025,1936,1964","High street   High Lindars 23 Enoch, Humphrey Ock street, Abingdon  Krecchold houses and garden Ock street, Carter and others","1261,2325,1332,2299"
46928_553244-00002.j2k.00001.single.ecmdoc_formatted.txt,25,James ,,Faulkner,, , ,Freehold houses,"1724,2058,1949,2133","Abingdon 	   Stert street and West St Helen street,","1260,2159,1396,2133"
46928_553244-00002.j2k.00001.single.ecmdoc_formatted.txt,26,Richard ,, ,, , , ,,Richard,
46928_553244-00002.j2k.00001.single.ecmdoc_formatted.txt,27,Robert ,,Faulkner,, , ,Freehold house,"1725,2092,1938,2066","Ock street 	   and stable Boar street, Mrs W A Harris & another","2189,2129,2246,2102"
46928_553244-00002.j2k.00001.single.ecmdoc_formatted.txt,28,William ,,Gardner,, , ,Four freehold houses,,"Ock street, Abingdon  Ock street 27 Faulkner, Robert  Ock street 	 Freehold house and stable Boar street, Mrs W A Harris & another","2186,2597,2242,2571"
46928_553244-00002.j2k.00001.single.ecmdoc_formatted.txt,29,Richard ,,Giles,, , ,Freehold houses,"1724,2192,1948,2398",Abingdon 	   West St Helen street,"1261,2258,1399,2231"
46928_553244-00002.j2k.00001.single.ecmdoc_formatted.txt,30,Joseph Godalming,"985,2187,1424,2157",Goodman,, , ,Freehold cottages,"1724,2225,1972,2184", Surrey     Stert street,"1436,2192,1529,2156"
46928_553244-00002.j2k.00001.single.ecmdoc_formatted.txt,3!,Thomas Hedges,"955,2488,1202,2194",Graham,, , ,Freehold cottages,,"Abingdon Freehold land Vineyard Abingdon 30 Goodman, Joseph Godalming, Surrey     Stert street","1430,2493,1564,2467"
46928_553244-00002.j2k.00001.single.ecmdoc_formatted.txt,32,William ,,Graham,, , ,Freehold land,"1724,2359,2096,2899","Abingdon   Abingdon field, self and","1455,2794,1589,2768"
46928_553244-00002.j2k.00001.single.ecmdoc_formatted.txt,33,Joseph Radley,"981,2756,1358,2255",Greenaway,, , ,Freehold house,"1723,2426,2010,2350",Stert street,"2189,2296,2255,2271"
46928_553244-00002.j2k.00001.single.ecmdoc_formatted.txt,34 street, ,, ,, , ,reehold houses,"1796,2327,1948,2467","Windsor f   East St Helen street, Webb and Ellis","1439,2326,1568,2298"
46928_553244-00002.j2k.00001.single.ecmdoc_formatted.txt,1, ,, ,, , , ,,8C!S,
46928_553244-00002.j2k.00001.single.ecmdoc_formatted.txt,35,William ,,Harris,, , ,Freehold houses,"1722,2493,1943,2667","High street 	   West St Helen street, louis Thorough 1,8C!S","1253,3058,1324,3031"
46928_553244-00002.j2k.00001.single.ecmdoc_formatted.txt,36,Thomas Stert,"1001,3125,2245,3104",Holford,, , ,and,,good   Elizabeth Pay ton,"2220,2472,2285,2455"
46928_553244-00002.j2k.00001.single.ecmdoc_formatted.txt,37,John ,,Hyde,, ,jun,Freehold house,"1720,2527,1475,2496","John, jun 	 Cnldecot house, near Abingdon   High street",
46928_553244-00002.j2k.00001.single.ecmdoc_formatted.txt,38,William Northmnor,,Keen,, ,Oxon,Freehold house,"1721,2559,1933,2501", Oxon   East St Helen street Ebenezer Copeland,"1515,2861,1588,2835"
46928_553244-00002.j2k.00001.single.ecmdoc_formatted.txt,1 39,John ,,Kent,, , ,Freehold house,"1721,2593,1933,2534","Abingdon, Berks     Ock street, W Copeland","2398,1498,2545,1465"
46928_553244-00002.j2k.00001.single.ecmdoc_formatted.txt,40,Edward Mant,"932,2622,1131,2594",Miller,, ,John,Freehold house,"1720,2693,1933,2568","1 39 Kent, John 	 Abingdon, Berks     Ock street, W Copeland","759,2687,788,2662"
46928_553244-00002.j2k.00001.single.ecmdoc_formatted.txt,41,Benjamin ,,Morlnnd,, ,Rev,Freehold houses and land,"1719,2726,2055,3034","Benjamin, RevShnbbington, Bucks   Sandford",
46928_553244-00002.j2k.00001.single.ecmdoc_formatted.txt,42,Bftijamin Boar,"970,2723,2258,2068",Mulcock,, , ,Freehold houses and land,"1718,2759,2056,3069","41 Morlnnd, Benjamin, RevShnbbington, Bucks   Sandford",
46928_553244-00002.j2k.00001.single.ecmdoc_formatted.txt,43,Joseph ,,Norrinliin,, , ,Freehold house and garden,"1717,2793,2093,2751",Ock street   West St Helen street,
46928_553244-00002.j2k.00001.single.ecmdoc_formatted.txt,44   Alfred A   Market place,P nouns,"1536,702,941,2775",very,, , ,Freehold houses,,"Abingdon   Vineyard, Cheyney and others","1440,3095,1575,3069"
46928_553244-00002.j2k.00001.single.ecmdoc_formatted.txt,45,Hubert ,,Payne,, , ,Three freehold houses,,Market placeWulliugford   High street,"2191,1861,2292,1833"
46928_553244-00002.j2k.00001.single.ecmdoc_formatted.txt,46,James Clifton,"958,2857,1361,2593",Puxniaii,, , ,Three freehold houses,,"Humpdcti, Oxon Share of freehold house and Bridge street 45 Payne, Hubert Market placeWulliugford   High street","1361,2859,1503,2825"
46928_553244-00002.j2k.00001.single.ecmdoc_formatted.txt,47,Perry ,, ,, , ,Occupier of house and land,,PerryWilliam Sandford   Sandford,
46928_553244-00002.j2k.00001.single.ecmdoc_formatted.txt,48,Jnhti ,,Petty,, , ,Freehold house,"1715,2993,2073,2835","Jnhti Gloucester green, Oxford   High street, J Goldsmith",
46928_553244-00002.j2k.00001.single.ecmdoc_formatted.txt,,( ,,Pickfti,, , ,Freehold house,"1715,3028,1966,2900",,
46928_553244-00002.j2k.00001.single.ecmdoc_formatted.txt,50 Porli'i..Tunics Stert street ....  Vineyard,Porli'i ,, ,, , ,Freehold bouse,"1713,3062,1926,3002",John Brown,
46928_553244-00002.j2k.00001.single.ecmdoc_formatted.txt,51,John ,,Preston,, , ,Freehold house and land,, High street Abingdon   North court,"2180,2964,2251,2939"
46928_553244-00002.j2k.00001.single.ecmdoc_formatted.txt,52 Pit 51 Preston,John ,,Pit Preston,, , ,Freehold house and land,, High street Abingdon   North court,
46928_553244-00002.j2k.00001.single.ecmdoc_formatted.txt,53,Thomas ,,Hicliitrdson,, , ,Freehold house and land,,"Ock street, Abingdon Freehold house Stert William Wiltshire !, Iliehnrd  Spring road, Abingdon   Spring road",
